{
	"흑천의 주인": "(공통)흑천의 주인",
	"별의 바다 : 바드나후": "(광검)별의 바다 : 바드나후",
	"적광검 루이너스": "(광검)적광검 루이너스",
	"전장의 열정 : 앵거바딜": "(소검)전장의 열정 : 앵거바딜",
	"신념의 징표 : 칼리번": "(소검)신념의 징표 : 칼리번",
	"판데모니엄 플레임": "(둔기)판데모니엄 플레임",
	"하티 - 달을 탐하는 자": "(둔기)하티 - 달을 탐하는 자",
	"태극천제검": "(도)태극천제검",
	"아방가르드": "(도)아방가르드",
	"데우스 이미저리": "(대검)데우스 이미저리",
	"카심의 대검": "(대검)카심의 대검",
	"백호의 울음소리": "(너클)백호의 울음소리",
	"청명한 의지": "(너클)청명한 의지",
	"청사곤": "(통파)청사곤",
	"어그레시브 카이트": "(통파)어그레시브 카이트",
	"매드 싸이클론": "(클로)매드 싸이클론",
	"로드 오브 더 페인": "(클로)로드 오브 더 페인",
	"태음신 : 영귀": "(건틀릿)태음신 : 영귀",
	"디스트로이 프레셔": "(건틀릿)디스트로이 프레셔",
	"블레이즈 헌터": "(권투글러브)블레이즈 헌터",
	"일렉트로 부스터": "(권투글러브)일렉트로 부스터",
	"팔로우 더 스타티스": "(자동권총)팔로우 더 스타티스",
	"메가쇼크 런처": "(자동권총)메가쇼크 런처",
	"커스텀 라이져 보우": "(보우건)커스텀 라이져 보우",
	"음유시인의 만돌린": "(보우건)음유시인의 만돌린",
	"미드나잇 러시안 룰렛": "(리볼버)미드나잇 러시안 룰렛",
	"블러드 샷 부스터": "(리볼버)블러드 샷 부스터",
	"터뷸런스": "(머스켓)터뷸런스",
	"스트라이커-X": "(머스켓)스트라이커-X",
	"레볼루션 차지": "(핸드캐넌)레볼루션 차지",
	"오버스펙 라이즈": "(핸드캐넌)오버스펙 라이즈",
	"세계수의 뿌리": "(스태프)세계수의 뿌리",
	"루나 베네딕티오": "(스태프)루나 베네딕티오",
	"플레임 헬": "(로드)플레임 헬",
	"마력의 샘 : 카스탈리아": "(로드)마력의 샘 : 카스탈리아",
	"우디 부기": "(봉)우디 부기",
	"카오스 시드": "(봉)카오스 시드",
	"어나이얼레이터": "(창)어나이얼레이터",
	"영창 : 불멸의 혼": "(창)영창 : 불멸의 혼",
	"세계수의 요정": "(빗자루)세계수의 요정",
	"순백의 기도": "(빗자루)순백의 기도",
	"포 더 세크리드": "(십자가)포 더 세크리드",
	"눈부신 영광": "(십자가)눈부신 영광",
	"윤회의 고리 : 환룡": "(염주)윤회의 고리 : 환룡",
	"고대 신수의 기억": "(염주)고대 신수의 기억",
	"라스트 인파이팅": "(토템)라스트 인파이팅",
	"개척자의 길": "(토템)개척자의 길",
	"불카누스의 두번째 흔적": "(배틀액스)불카누스의 두번째 흔적",
	"신념의 무게": "(배틀액스)신념의 무게",
	"루즈 리즌": "(낫)루즈 리즌",
	"이교도 교주의 심판": "(낫)이교도 교주의 심판",
	"샤프 쉐도어": "(단검)샤프 쉐도어",
	"암살단장의 옥장도": "(단검)암살단장의 옥장도",
	"화려한 눈속임": "(쌍검)화려한 눈속임",
	"핏빛 무도회": "(쌍검)핏빛 무도회",
	"푸른 생명의 이면": "(완드)푸른 생명의 이면",
	"고결한 정령의 유물": "(완드)고결한 정령의 유물",
	"블러드 루비아이": "(차크라웨펀)블러드 루비아이",
	"도화선": "(차크라웨펀)도화선",
	"끊임없는 환영": "(장창)끊임없는 환영",
	"전장의 선봉장": "(장창)전장의 선봉장",
	"통곡의 수문장": "(미늘창)통곡의 수문장",
	"사암주극": "(미늘창)사암주극",
	"일렉트로전": "(광창)일렉트로전",
	"천장군 : 전승의 빛": "(광창)천장군 : 전승의 빛",
	"사일런트 베놈": "(투창)사일런트 베놈",
	"기가 드릴러": "(투창)기가 드릴러",
	"금강비장도": "(장도)금강비장도",
	"야천도": "(장도)야천도",
	"차갑게 굳어버린 홍염": "(소태도)차갑게 굳어버린 홍염",
	"다크 플레임 리퍼": "(소태도)다크 플레임 리퍼",
	"아토믹 파일": "(중검)아토믹 파일",
	"홍염폭검": "(중검)홍염폭검",
	"베투스 코르": "(코어블레이드)베투스 코르",
	"프로젝트 : 오버코어": "(코어블레이드)프로젝트 : 오버코어",
	"고대 제사장의 로브": "제사장상의",
	"대제사장의 예복": "제사장상의(신)",
	"마법사 [???]의 로브": "마법사상의",
	"대 마법사 [???]의 로브": "마법사상의(신)",
	"우아한 선율의 왈츠": "무희상의",
	"낭만적인 선율의 왈츠": "무희상의(신)",
	"죽음을 덮치는 그림자 재킷": "그림자상의",
	"생사를 다스리는 그림자의 재킷": "그림자상의(신)",
	"고귀한 집행자의 제복 자켓": "집행자상의",
	"수석 집행관의 코트": "집행자상의(신)",
	"전장의 매": "베테랑상의",
	"최후의 전술": "베테랑상의(신)",
	"타오르는 열기의 용기": "사막상의",
	"작열하는 대지의 용맹": "사막상의(신)",
	"트로피카 : 용과": "트로피카상의",
	"트로피카 : 드레이크": "트로피카상의(신)",
	"웨어러블 파워 슈트": "ADP상의",
	"웨어러블 아크 팩": "ADP상의(신)",
	"사탄 : 들끓는 분노": "개악상의",
	"사탄 : 분노의 군주": "개악상의(신)",
	"페어리의 몸짓": "역작상의",
	"천상의 날개": "역작상의(신)",
	"구속의 체인 메일": "구속상의",
	"결속의 체인 플레이트": "구속상의(신)",
	"지체없는 흐름의 한뉘": "흐름상의",
	"영명한 세상의 순환": "흐름상의(신)",
	"무의식적 선택": "선택상의",
	"선택이익": "선택상의(신)",
	"포용의 굳건한 대지": "대자연상의",
	"원시 태동의 대지": "대자연상의(신)",
	"심연에 빠진 검은 셔츠": "심연상의",
	"고대 심연의 로브": "심연상의(신)",
	"길 안내자의 물소 코트": "황혼여행상의",
	"길 방랑자의 물소 코트": "황혼여행상의(신)",
	"나락의 끝자락": "기구상의",
	"종말의 역전": "기구상의(신)",
	"피를 머금은 한": "분노상의",
	"세상을 삼키는 분노": "분노상의(신)",
	"null": "0",
	"고대 제사장의 치마": "제사장하의",
	"마법사 [???]의 하의": "마법사하의",
	"매혹적인 리듬의 룸바": "무희하의",
	"죽음을 덮치는 그림자 바지": "그림자하의",
	"고귀한 집행자의 제복 바지": "집행자하의",
	"데파르망": "베테랑하의",
	"몰아치는 바람의 의지": "사막하의",
	"트로피카 : 리치": "트로피카하의",
	"인듀어런스 파워 레그": "ADP하의",
	"아몬 : 거짓된 힘": "개악하의",
	"사악한 형상의 뿔": "역작하의",
	"구속의 퀴스": "구속하의",
	"지체없는 흐름의 가람": "흐름하의",
	"임의 선택": "선택하의",
	"잠식된 신록의 숨결": "대자연하의",
	"어둠을 파헤치는 바지": "흑마술하의",
	"시간에 휩쓸린 물소 각반": "시간여행하의",
	"본능적인 외침": "함성하의",
	"따르는 광기의 기운": "광란하의",
	"고대 제사장의 견대": "제사장어깨",
	"마법사 [???]의 망토": "마법사어깨",
	"즉흥적인 감각의 탱고": "무희어깨",
	"죽음을 덮치는 그림자 견갑": "그림자어깨",
	"고귀한 집행자의 제복 견장": "집행자어깨",
	"퀘이크 프론": "베테랑어깨",
	"바라는 삶의 투지": "사막어깨",
	"트로피카 : 두리안": "트로피카어깨",
	"에큐레이트 파워 숄더": "ADP어깨",
	"벨리알 : 멸망의 씨앗": "개악어깨",
	"무한한 마나의 심장": "역작어깨",
	"구속의 폴드런": "구속어깨",
	"지체없는 흐름의 마루": "흐름어깨",
	"선택의 역설": "선택어깨",
	"맹렬히 타오르는 화염": "대자연어깨",
	"고대 제사장의 띠": "제사장벨트",
	"마법사 [???]의 허리띠": "마법사벨트",
	"정열적인 흐름의 삼바": "무희벨트",
	"죽음을 덮치는 그림자 벨트": "그림자벨트",
	"고귀한 집행자의 가죽 벨트": "집행자벨트",
	"오퍼레이션 델타": "베테랑벨트",
	"수호하는 전사의 고난": "사막벨트",
	"트로피카 : 망고스틴": "트로피카벨트",
	"모빌리티 파워 벨트": "ADP벨트",
	"아바돈 : 절망의 나락": "개악벨트",
	"강철을 뜯는 이빨": "역작벨트",
	"구속의 체인 벨트": "구속벨트",
	"지체없는 흐름의 바람": "흐름벨트",
	"합리적 선택": "선택벨트",
	"잔잔한 청록의 물결": "대자연벨트",
	"고대 제사장의 샌들": "제사장신발",
	"마법사 [???]의 부츠": "마법사신발",
	"격렬한 스텝의 자이브": "무희신발",
	"죽음을 덮치는 그림자 부츠": "그림자신발",
	"고귀한 집행자의 구두": "집행자신발",
	"전쟁의 시작": "베테랑신발",
	"얼어붙는 밤의 인내": "사막신발",
	"트로피카 : 파파야": "트로피카신발",
	"벨로시티 파워 부츠": "ADP신발",
	"바알 : 영혼의 타락": "개악신발",
	"융합된 자연의 핵": "역작신발",
	"구속의 체인 그리브": "구속신발",
	"지체없는 흐름의 미리내": "흐름신발",
	"탈리스만 선택": "선택신발",
	"휘감는 햇살의 바람": "대자연신발",
	"나락으로 빠진 발": "나락신발",
	"차원을 걷는 물소 부츠": "차원여행신발",
	"희비교차": "주사위신발",
	"무너진 세상의 슬픔": "아린비극신발",
	"라이도 : 이동의 규율": "술식팔찌",
	"라이도 : 질서의 창조자": "술식팔찌(신)",
	"새벽을 감싸는 따스함": "먼동팔찌",
	"새벽을 녹이는 따스함": "먼동팔찌(신)",
	"하얀 코끼리의 가호": "트앵팔찌",
	"가네샤의 영원한 가호": "트앵팔찌(신)",
	"화마의 불꽃 - 샐러맨더": "정령사팔찌",
	"지고의 화염 - 이프리트": "정령사팔찌(신)",
	"지독한 집념의 탐구": "흑마술팔찌",
	"영원히 끝나지 않는 탐구": "흑마술팔찌(신)",
	"시간을 가리키는 지침": "시간여행팔찌",
	"시간을 거스르는 자침": "시간여행팔찌(신)",
	"전장을 지배하는 함성": "함성팔찌",
	"천지에 울려퍼지는 포효": "함성팔찌(신)",
	"광란을 품은 자": "광란팔찌",
	"숙명을 뒤엎는 광란": "광란팔찌(신)",
	"케나즈 : 정신을 밝히는 불": "술식목걸이",
	"달빛을 가두는 여명": "먼동목걸이",
	"네잎 클로버의 초심": "트앵목걸이",
	"냉염의 빙설 - 운디네": "정령사목걸이",
	"타락한 세계수의 생명": "심연목걸이",
	"길 안내자의 계절": "황혼여행목걸이",
	"비통한 자의 목걸이": "기구목걸이",
	"과격한 분노의 격앙": "분노목걸이",
	"게보 : 완벽한 균형": "술식반지",
	"고요를 머금은 이슬": "먼동반지",
	"붉은 토끼의 축복": "트앵반지",
	"축복의 바람 - 실프": "정령사반지",
	"어둠을 지배하는 고리": "나락반지",
	"차원을 지나는 자의 인장": "차원여행반지",
	"운명의 장난": "주사위반지",
	"광란을 품은 자의 종막": "아린비극반지",
	"군신의 유언장": "군신보조장비",
	"뜻을 품은 하늘": "영보보조장비",
	"종말의 시간": "시간전쟁보조장비",
	"제어 회로 모듈": "싱크로보조장비",
	"암흑술사가 직접 저술한 고서": "심연보조장비",
	"길 안내자의 여행서": "황혼여행보조장비",
	"비운의 유물": "기구보조장비",
	"통제할 수 없는 화": "분노보조장비",
	"군신의 가호가 담긴 보석": "군신마법석",
	"지혜를 담은 대지": "영보마법석",
	"시간의 소용돌이": "시간전쟁마법석",
	"에너지 분배 제어기": "싱크로마법석",
	"암흑술사의 정수": "흑마술마법석",
	"시간에 갇혀버린 모래": "시간여행마법석",
	"적막이 흐르는 아우성": "함성마법석",
	"폭주하는 광란의 힘": "광란마법석",
	"군신의 수상한 귀걸이": "군신귀걸이",
	"군신의 마지막 갈망": "군신귀걸이(신)",
	"마음을 새긴 바다": "영보귀걸이",
	"영원을 새긴 바다": "영보귀걸이(신)",
	"시간의 모순": "시간전쟁귀걸이",
	"또다른 시간의 흐름": "시간전쟁귀걸이(신)",
	"전자기 진공관": "싱크로귀걸이",
	"플라즈마 초 진공관": "싱크로귀걸이(신)",
	"끝없는 나락의 다크버스": "나락귀걸이",
	"영원한 나락의 다크버스": "나락귀걸이(신)",
	"차원을 맴도는 혜성": "차원여행귀걸이",
	"차원을 관통하는 초신성": "차원여행귀걸이(신)",
	"운명을 마주하는 자": "주사위귀걸이",
	"운명을 거스르는 자": "주사위귀걸이(신)",
	"슬픔을 담은 운명": "아린비극귀걸이",
	"아린 고통의 비극": "아린비극귀걸이(신)",
	"fullname": "name",
	"39": 2,
	"퍼펙트컨트롤": "+5 퍼펙트컨트롤",
	"선지자의 목걸이": "+4 선지자의 목걸이",
	"독을 머금은 가시장갑": "+4 독을 머금은 가시장갑",
	"할기의 링": "+5 할기의 링",
	"청면수라의 가면": "+4 청면수라의 가면",
	"적귀의 차원석": "적귀의 차원석",
	"패스트퓨처 이어링": "+5 패스트퓨처 이어링",
	"진 : 검게 타락하는 경갑 상의": "+3 진:타락",
	"진 : 디멘션 쇼크 암릿": "+3 진:디멘션",
	"진 : 침식된 검은 십자 귀걸이": "+3 진:침식",
	"차원 : 검게 타락하는 경갑 상의": "차원:타락",
	"차원 : 디멘션 쇼크 암릿": "차원:디멘션",
	"차원 : 침식된 검은 십자 귀걸이": "차원:침식",
	"무념의 의복": "+5 무념의 의복",
	"무형의 절개": "+5 무형의 절개",
	"무의식의 꽃": "+5 무의식의 꽃",
	"무아의 고리": "+5 무아의 고리",
	"무언의 죄악": "+5 무언의 죄악",
	"무형 : 넥스의 잠식된 의복": "넥스하의",
	"무형 : 암살자의 잠식된 의식": "암살자하의",
	"무형 : 록시의 잠식된 광기": "록시하의",
	"무형 : 수문장의 잠식된 갑주": "수문장하의",
	"무형 : 로도스의 잠식된 의지": "로도스하의",
	"무의식 : 넥스의 몽환의 어둠": "넥스반지",
	"무의식 : 암살자의 몽환의 흔적": "암살자반지",
	"무의식 : 록시의 몽환의 약속": "록시반지",
	"무의식 : 수문장의 몽환의 사념": "수문장반지",
	"무의식 : 로도스의 몽환의 근원": "로도스반지",
	"환영 : 넥스의 검은 기운": "넥스보장",
	"환영 : 암살자의 검은 검집": "암살자보장",
	"환영 : 록시의 검은 구속구": "록시보장",
	"환영 : 수문장의 검은 가면": "수문장보장",
	"환영 : 로도스의 검은 핵": "로도스보장"
}